It do go down,RaShaun Grey,5 years ago,24 seconds,22354385
One of the Best Dodgeball Dodges Ever!!!,Timmy Le,2 years ago,20 seconds,8721969
Amazing Cakes That Look Like Everyday Objects,SSSniperWolf,1 month ago,8 minutes@ 2 seconds,3430788
Bear and Man Spook Each Other,NineCaribou Productions,3 years ago,21 seconds,13841145
SEASON 8 OOF,Fe4RLess,1 year ago,11 minutes@ 47 seconds,27650732
Funny Spongebob Scenes #1,maltesephillies15,8 years ago,14 minutes@ 16 seconds,2668844
Kid beat boxes while teacher reads Dr. Seuss! (Not Original),Its Devin,5 years ago,38 seconds,20711040
WandaVision | Official Trailer | Disney@,Marvel Entertainment,2 days ago,1 minute@ 21 seconds,11261679
Ozuna x Daddy Yankee - No Se Da Cuenta (Video Oficial),Ozuna,6 hours ago,4 minutes@ 3 seconds,1138447
Anderson .Paak - CUT EM IN feat. Rick Ross (Official Video),Anderson Paak,7 hours ago,5 minutes@ 11 seconds,80320
The Try Guys RETRY Baking Cookies Without A Recipe,The Try Guys,6 hours ago,20 minutes,315540
Attack on Titan Final Season | OFFICIAL TRAILER,Crunchyroll Collection,1 day ago,2 minutes@ 27 seconds,913168
A Blown Ramp Truck Road Trip to Get a 350 SBC-Swapped Mini Truck! Finnegan's Garage Ep.115,Finnegan's Garage,10 hours ago,16 minutes,110292
I Gave My 40@000@000th Subscriber 40 Cars,MrBeast,4 days ago,17 minutes,25006519
No Man's Sky Origins Launch Trailer,HelloGamesTube,8 hours ago,1 minute@ 55 seconds,140630
Queen Naija - Pack Lite (Alternative Video),Queen Naija,23 hours ago,3 minutes@ 11 seconds,312971
BTS: Tiny Desk (Home) Concert,NPR Music,2 days ago,14 minutes@ 7 seconds,9532460
Highlights | Luton 0-3 Manchester United | Mata@ Rashford &amp; Greenwood seal Carabao Cup win at Luton,Manchester United,21 hours ago,4 minutes,1481286
BTS (방탄소년단) Speech at the 75th UN General Assembly,BANGTANTV,7 hours ago,7 minutes@ 12 seconds,2896909
You got cheese Original Video,Tesarion TV,11 months ago,23 seconds,11897299
German Shepherd suddenly realizes he is at the vet,xDBA3x,6 years ago,28 seconds,22913240
Deep Focus Music For Studying - Concentration Music for Working and Reading,Quiet Quest - Study Music,1 month ago,3 hours@ 12 minutes,288438
Real MINIATURE Food and Tiny Cooking You Can Eat,SSSniperWolf,5 months ago,11 minutes@ 3 seconds,7824666
Billie Eilish - Ocean Eyes (Dance Performance Video),Billie Eilish,3 years ago,3 minutes@ 21 seconds,62082598
Chicken Hugs Boy After Recognizing Him with New Haircut | The Dodo,The Dodo,3 years ago,31 seconds,3681884
Minecraft Speedrunner VS 4 Hunters,Dream,2 weeks ago,48 minutes,23888978
Acoustic Rock Songs 80s 90s 2000s | Best Rock Music Ever Playlist,Acoustic Music Collection,1 month ago,1 hour@ 35 minutes,692976
6LACK Live From The Ledge,6LACK Streamed,3 weeks ago,39 minutes,812371
Nas - &quot;Ultra Black&quot; (Official Video),Mass Appeal,4 weeks ago,3 minutes@ 22 seconds,2860853
Beyoncé@ Blue Ivy@ SAINt JHN@ WizKid - BROWN SKIN GIRL (Official Video),Beyoncé,4 weeks ago,6 minutes@ 12 seconds,15317459
6LACK ft. Lil Baby - Know My Rights (Official Visualizer),6LACK,1 month ago,3 minutes@ 13 seconds,1210341
Pharrell Williams - Entrepreneur (Official Video) ft. JAY-Z,Pharrell Williams,1 month ago,5 minutes@ 30 seconds,8563460
H.E.R. Performs &quot;I Can't Breathe&quot; &amp; &quot;Fate&quot; – Live | 2020 Roots Picnic Virtual Experience,The Roots,2 months ago,11 minutes@ 42 seconds,2121897
DaBaby - ROCKSTAR ft. Roddy Ricch (BLM Remix) ft. Roddy Ricch,DaBaby,3 months ago,3 minutes@ 26 seconds,10350297
Public Enemy Is Joined By Nas@ Black Thought &amp; More For Rendition of Fight The Power | BET Awards 20,BETNetworks,2 months ago,5 minutes@ 47 seconds,1222973
Kiana Ledé - &quot;Dear Mr. President&quot;,Kiana Ledé,3 months ago,4 minutes@ 52 seconds,466607
Dax - BLACK LIVES MATTER (Official Music Video),Dax,3 months ago,3 minutes@ 20 seconds,3972206
Lil Baby - The Bigger Picture (Official Music Video),Lil Baby Official 4PF,3 months ago,4 minutes@ 17 seconds,79368393
Usher - I Cry (Official Video),Usher,2 months ago,3 minutes@ 47 seconds,9433652
Why Asians Are Good At Math - Jimmy O. Yang,Jimmy O. Yang,2 months ago,2 minutes@ 38 seconds,4184797
Apple Be Like,Kyle Exum,1 year ago,3 minutes@ 30 seconds,12155343
Baby jaguar's very first swim - BBC,BBC,2 years ago,1 minute@ 19 seconds,13228913
World's First Automatic Strike Bowling Ball,Mark Rober,10 months ago,7 minutes@ 32 seconds,25906474
U.S. coronavirus death toll passes 200@000 as new cases rise,CBS This Morning,9 hours ago,4 minutes@ 29 seconds,83462
U.S. coronavirus death toll surpasses 200@000,CBS Evening News,22 hours ago,4 minutes@ 2 seconds,143540
Dr. Anthony Fauci answers questions about coronavirus vaccine,CBS News,3 hours ago,2 minutes@ 53 seconds,2220
Growing Concern As Coronavirus Cases Surge Across The Country | NBC Nightly News,NBC News,21 hours ago,2 minutes@ 50 seconds,184607
Coronavirus: 6 months later,ABC News,6 hours ago,7 minutes@ 15 seconds,9606
WATCH: Fauci and Redfield testify in Senate hearing on U.S. coronavirus response,Washington Post Streamed,2 hours ago,4 hours@ 44 minutes,116479
Coronavirus vaccine timeline: Dr. Fauci talks COVID-19 vaccine development on Capitol Hill,Yahoo Finance,50 minutes ago,3 minutes@ 7 seconds,434
Everything That Happened Today in the Fight Against Coronavirus | NBC New York,NBC New York,20 hours ago,2 minutes@ 57 seconds,3499
Jim Cramer on Johnson &amp; Johnson entering phase 3 trial for coronavirus vaccine,CNBC Television,7 hours ago,4 minutes@ 22 seconds,4697
U.S. Deaths From Coronavirus Top 200@000,Bloomberg Markets and Finance,21 hours ago,59 seconds,5054
